[
  {
    "name": "RAJERISON Julien",
    "image": "https://avatars1.githubusercontent.com/u/30557565",
    "message": "Ho feno fitahiana sy fahasoavana hoantsika rehetra anie ity taona {{YEAR}} ity",
    "username": "julkwel",
    "flag": "mg"
  },
  {
    "name": "Mamy RAOBY",
    "image": "https://avatars0.githubusercontent.com/u/20433600",
    "message": "Arahaba nahatratra ny taona vaovao indray. Ho taona zina ho antsika anie ny {{YEAR}} .",
    "username": "MamyRaoby",
    "flag": "mg"
  },
  {
    "name": "RATOVOARISON Bruno Marcelino",
    "image": "https://avatars2.githubusercontent.com/u/43740085",
    "flag": "mg"
  },
  {
    "name": "Chrys RAKOTONIMANANA",
    "image": "https://i.pinimg.com/originals/93/d3/e3/93d3e31639a4d07613de9dccdc8bd5e8.png",
    "flag": "mg"
  },
  {
    "name": "RAKOTONDRATOMPO Bako Harry",
    "image": "https://avatars2.githubusercontent.com/u/17026924",
    "message": "С новым годом {{YEAR}} ! ",
    "username": "harrylepap",
    "flag": "mg"
  },
  {
    "name": "RAFANOMEZANTSOA Fenofifaliana",
    "image": "https://avatars.githubusercontent.com/u/67324821?v=4",
    "message": "Tratry ny {{YEAR}} indray isika dia ho taona feno fifaliana indray anie ity taona ity.",
    "username": "fullfifax",
    "flag": "mg"
  },
  {
    "name": "MIRAN SYLLA",
    "image": "https://i.pinimg.com/originals/93/d3/e3/93d3e31639a4d07613de9dccdc8bd5e8.png",
    "flag": "mg"
  },
  {
    "name": "RAKOTONDRABE Ny Antso",
    "image": "https://i.pinimg.com/originals/93/d3/e3/93d3e31639a4d07613de9dccdc8bd5e8.png",
    "flag": "mg"
  },
  {
    "name": "RANDRI Vony",
    "image": "https://avatars0.githubusercontent.com/u/33556409",
    "flag": "mg"
  },
  {
    "name": "RAZAFINTSIALONINA Mamy",
    "image": "https://i.pinimg.com/originals/93/d3/e3/93d3e31639a4d07613de9dccdc8bd5e8.png",
    "flag": "mg"
  },
  {
    "name": "Tsiry Sandratraina",
    "image": "https://avatars1.githubusercontent.com/u/15877106",
    "flag": "mg"
  },
  {
    "name": "Tosoa BACCA",
    "image": "https://avatars2.githubusercontent.com/u/13227",
    "message": "Tratry ny taona faha-{{YEAR}} daholo isika dia mirary soa e!",
    "flag": "mg"
  },
  {
    "name": "Riata watt",
    "image": "https://avatars2.githubusercontent.com/u/17161095",
    "message": "tratry ny taona {{YEAR}} haha",
    "flag": "mg"
  },
  {
    "name": "ANDRAINIONY Herimanantsoa Fenohasina",
    "image": "https://avatars2.githubusercontent.com/u/36956938",
    "message": "Mirary taona {{YEAR}} feno fahombiazana",
    "flag": "mg"
  },
  {
    "name": "Eric RANDRIANARISOA",
    "image": "https://avatars0.githubusercontent.com/u/27136558",
    "flag": "mg"
  },
  {
    "name": "Herizo RAMAROSON",
    "image": "https://avatars2.githubusercontent.com/u/39248388",
    "flag": "mg"
  },
  {
    "name": "RAZAFINARIVO Hanania",
    "image": "https://avatars2.githubusercontent.com/u/24853543",
    "message": "Arahabaina nahatratra ny taona {{YEAR}}. Mirary soa sy fahombiazana! :)",
    "flag": "mg"
  },
  {
    "name": "RAKOTONIRINA Rado Niaina",
    "username": "m0r7y",
    "message": " <> Tratry ny taona {{YEAR}} </>.",
    "flag": "mg"
  },
  {
    "name": "RAFALIARINTSOA Hajaniaina Marius",
    "username": "hajaniain",
    "image": "https://avatars0.githubusercontent.com/u/6097819?s=460&v=4",
    "message": "Arahabaina e... {{YEAR}} indray izao!!! Mirary soa ho antsika rehetra",
    "flag": "mg"
  },
  {
    "name": "RAKOTOARIMANANA Janny Michel",
    "username": "jmRakoto",
    "image": "  https://avatars0.githubusercontent.com/u/44327690",
    "message": "Arahabaina nahatratra ny taona {{YEAR}} !",
    "flag": "mg"
  },
  {
    "name": "ANDRIANJAKATIANA Odon Fidaulis",
    "username": "Fidaulis",
    "image": "https://avatars2.githubusercontent.com/u/21168538",
    "message": "Arahabaina nahatratry ny taona {{YEAR}}. Dia Ho tahian'ANDRIAMANITRA e",
    "flag": "mg"
  },
  {
    "name": "Jess Gabriel",
    "username": "RANDRIAMITSIRY",
    "image": "https://avatars2.githubusercontent.com/u/16187196",
    "message": "Fiadanana hoan'ny Malagasy",
    "flag": "mg"
  },
  {
    "name": "R.AL",
    "username": "AbyssDS",
    "image": "https://avatars3.githubusercontent.com/u/36914316",
    "message": "Miarahaba ny rehetra nahatratra inty taona vaovao inty, mba hitondra soa sy izay fa-nirina rehetra.",
    "flag": "mg"
  },
  {
    "name": "RAZAFIMAHATRATRA Fanambinantsoa Christophe",
    "image": "https://avatars2.githubusercontent.com/u/4974131",
    "message": "OHOOOOHO, {{YEAR}}, taona zina ho antsika rehetra e !",
    "flag": "mg"
  },
  {
    "name": "Eric Rasolofonirina",
    "image": "https://avatars3.githubusercontent.com/u/19967809",
    "message": "Manao ahoana tompoko ô. Miarahaba antsika nahatratra ny taona vaovao {{YEAR}}. Dia enga anie samy hahazo 20/20 daholo e.",
    "flag": "mg"
  },
  {
    "name": "FANOMEZANIRINA Fenohery",
    "image": "https://avatars3.githubusercontent.com/u/34170795",
    "message": "Miarahaba antsika rehetra nahatratra ity taona , {{YEAR}}, mirary soa sy fahombiazana be ho antsika.",
    "flag": "mg"
  },
  {
    "name": "Valisoa Randriatahirison",
    "image": "https://avatars0.githubusercontent.com/u/12526601",
    "message": "Mirary soa antsika @ ty taona {{YEAR}} ty dia mba ho tratry ny taona hoavy daholo.",
    "flag": "mg"
  },
  {
    "name": "Nick Steven",
    "image": "https://avatars2.githubusercontent.com/u/50581342",
    "message": "Bonne année {{YEAR}} daholo, mirary soa ho antsika rehetra oh.",
    "flag": "mg"
  },
  {
    "name": "Laza Ramihajamanana",
    "username": "lazarm520",
    "image": "https://avatars0.githubusercontent.com/u/35507735",
    "message": "Mirary taona zina ho antsika rehetra @ity {{YEAR}}. Ho lavitry ny CoronaVirus anie :D :p ",
    "flag": "mg"
  },
  {
    "name": "RAKOTOARIMANANA Heriniaina",
    "username": "herriniaina",
    "image": "https://avatars0.githubusercontent.com/u/15259826",
    "message": "Mirary taom-pahombiazana ho antsika tsirairay avy. ",
    "flag": "mg"
  },
  {
    "name": "liva Ramarolahy",
    "username": "liviathan",
    "image": "https://avatars0.githubusercontent.com/u/65889112",
    "message": "Mirary taona {{YEAR}} feno fahombiazana. Sawadee Pee Mai",
    "flag": "th"
  },
  {
    "name": "Toky RATOLOJANAHARY",
    "username": "tokyRT",
    "image": "https://avatars2.githubusercontent.com/u/57077076?s=460&u=5ffe15c9d948044531e45f9822d6f58b1ac90502&v=4",
    "message": "Miarahaba antsika nahatratra an'ity taona {{YEAR}} ity ",
    "flag": "mg"
  },
  {
    "name": "Fandresena TIALALAINA",
    "image": "https://avatars0.githubusercontent.com/u/40687899",
    "message": "Mirary fahombiazana ho antsika rehetra mandritra ity taona {{YEAR}} ity. Ho lavitry ny ratsy rehetra ;) ",
    "username": "Fahtialalaina",
    "flag": "mg"
  },
  {
    "name": "Hernaval RANARIVOLA",
    "image": "https://avatars3.githubusercontent.com/u/51748115",
    "message": "Mba ho taom-pahombiazana sy firasan-kina ho antsika anie ity {{YEAR}} ity. Ho ela veloma ny DEV MALAGASY !!!",
    "username": "hernaval",
    "flag": "mg"
  },
  {
    "name": "MIHARISOA Tojoniaina Patrick",
    "image": "https://avatars0.githubusercontent.com/u/55443338",
    "message": "{{YEAR}}, ho taona lavitry ny aretina anie, ary mirary ny ahitan'ny tsirairay fahombiazana",
    "username": "acf-patrick",
    "flag": "mg"
  },
  {
    "name": "VALISOA Herimalala",
    "image": "https://avatars0.githubusercontent.com/u/51641926",
    "message": "Mirary taona zina anaty fahasalamana hoan'ny rehetra amin'ity taona {{YEAR}} ity",
    "username": "herival",
    "flag": "mg"
  },
  {
    "name": "RAMAROSON Avonasandratra Faustin",
    "image": "https://avatars.githubusercontent.com/u/58453419",
    "message": "Mirary taona feno fahombiazana hoan'ny rehetra amin'ity taona {{YEAR}} ity",
    "username": "Nasan01"
  },
  {
    "name": "RAZAFINDRAKOTO Yannick Sedera Aina",
    "image": "https://avatars.githubusercontent.com/u/11041908",
    "message": "Miarahaba sy mirary soa ho antsika nahatratra an'ity taona {{YEAR}} ity",
    "username": "sedera-tax",
    "flag": "mg"
  },
  {
    "name": "RAFANOMEZANTSOA Fenofifaliana",
    "image": "https://avatars.githubusercontent.com/u/67324821?v=4",
    "message": "Arabaina tratry {{YEAR}} ianao x3 ry akama à.",
    "username": "fullfifax",
    "flag": "mg"
  },
  {
    "name": "RANDRIANASOLO Tsiry Ny Aina",
    "image": "https://avatars.githubusercontent.com/u/88887401?v=4",
    "message": "Miarahaba sy mirary ny soa sy ny tsara indrindra hoantsika rehetra ho an'ity taona {{YEAR}} ity",
    "username": "nyainaatsayna"
  },
  {
    "name": "RANDRIANANDRASANA Jonathan Voary Nambinina Jules",
    "image": "https://avatars.githubusercontent.com/u/88887329",
    "message": "Tratry ny taona e! miarahaba anao nahatratra an'ity taona {{YEAR}} ity, mazotoa manao code ho taona lavitry ny bugg",
    "username": "nambininaatsayna",
    "flag": "mg"
  },
  {
    "name": "RAMBELOSON Tiana",
    "image": "https://avatars.githubusercontent.com/rmanantsoa",
    "message": "Tratry ny taona e! miarahaba anao nahatratra an'ity taona {{YEAR}} ity, mazotoa manao code ho taona lavitry ny bugg",
    "username": "rmanantsoa",
    "flag": "mg"
  },
  {
    "name": "Rija Nifaliana",
    "image": "https://avatars.githubusercontent.com/u/44155065?s=400&u=838722f8544610dd9b1ba5a68aba2cff627091ac&v=4",
    "message": "Miarahaba sy mirary soa ho antsika nahatratra ity taona {{YEAR}} ity. Mitomboa hasina daholo",
    "username": "nifaliana",
    "flag": "mg"
  },
  {
    "name": "RAKOTONIRINA Raja",
    "username": "RajaRakoto",
    "image": "https://avatars.githubusercontent.com/u/50679389?v=4",
    "message": " BONNE ANNEE {{YEAR}} !",
    "flag": "mg"
  },
  {
    "name": "H.Mandranto",
    "username": "Ralaitsirava",
    "image": "https://avatars.githubusercontent.com/u/91875684?v=4",
    "message": "Bonne Annee {{YEAR}} tout le monde !!!",
    "flag": "mg"
  },
  {
    "name": "TENARIVOSON Jhon Edelph",
    "username": "Jhon Edelph",
    "image": "https://avatars.githubusercontent.com/u/66465744?s=400&u=f927f881020c4c4398dc01d26e34fa445a703d46&v=4",
    "message": "Mirary soa ho atsika rehetra ooooooh!!!",
    "flag": "mg"
  },
  {
    "name": "RANDRIAMANALINA Harimampionona Jennica",
    "username": "JennicaRandriamanalina",
    "image": "https://avatars.githubusercontent.com/u/72994396?s=400&u=d2f08db1a08ab0b68770f9bf89d1940adcc99968&v=4",
    "message": "Miarahaba antsika rehetra nahatratra ity taona {{YEAR}} ity!! Mirary soa ooh ",
    "flag": "mg"
  },
  {
    "name": "ANDRIAMANANA Rivo",
    "username": "RivoLink",
    "image": "https://avatars.githubusercontent.com/u/18447177?v=4",
    "message": "Arahaba tratry ny taona vaovao {{YEAR}} !",
    "flag": "mg"
  },
  {
    "name": "RAKOTONDRAMANANA Leonardo",
    "username": "leorak98",
    "image": "https://avatars.githubusercontent.com/u/58026146?s=400&u=e761fdb15aaea54f75a78cc47a8058a3ed50f7dd&v=4",
    "flag": "mg",
    "message": "Hanambina antsika rehetra anie ity taona {{YEAR}} ity e !"
  },
  {
    "name": "RANDRIAMANANTENA Luca Zo Haingo",
    "username": "LucaZH",
    "image": "https://avatars.githubusercontent.com/u/93754593?s=400&u=9ab6d0db447762b47b4fd27b512d0fc6f851a9b3&v=4",
    "message": "Mirary soa sy fahombiazana ho antsika rehetra amin'ity taona {{YEAR}} ity e !",
    "flag": "mg"
  },
  {
    "name": "RAJOELISON Aina Tiavina",
    "username": "Poseidon1402",
    "image": "https://avatars.githubusercontent.com/u/82655694?v=4",
    "flag": "mg",
    "message": "Ho taona zina sy feno fahasoavana ho antsika rehetra anie ity taona {{YEAR}} ity !"
  },
  {
    "name": "Andrianina Rakotoarisoa",
    "image": "https://avatars.githubusercontent.com/u/24601597?v=4",
    "message": "海賊の王様になるんだ Dattebayo!!!.",
    "username": "AndrianinaH",
    "flag": "mg"
  },
  {
    "name": "Tsiory Robsona",
    "image": "https://avatars.githubusercontent.com/Lacoste27",
    "message": "Miarahaba antsika rehetra nahatratra ity taona {{YEAR}}",
    "username": "Lacoste27",
    "flag": "mg"
  },
  {
    "name": "Arnaud Adjovi",
    "image": "https://avatars.githubusercontent.com/ArnaudAploon",
    "message": "Bonne et heureuse année {{YEAR}} à tous ! <i>Moins de bugs dans nos codes ;).</i>",
    "username": "ArnaudAploon",
    "flag": "bj"
  }, 
  {
    "name": "Tambatra Natolojanahary",
    "image": "https://avatars.githubusercontent.com/u/110980635?v=4",
    "message": "Samy tratry ny taona {{YEAR}} daholo de enganie ho lasa tamin'ny iny taona iny daholo ny bug rehetra",
    "username": "ye-tambatra",
    "flag": "mg"
  }
]
